Ref,Val,Package,PosX,PosY,Rot,Side
"C9","100nf","C_0603_1608Metric",319.582800,-113.360200,90.000000,top
"C10","100nf","C_0603_1608Metric",319.582800,-116.509800,90.000000,top
"C11","100nf","C_0603_1608Metric",319.582800,-119.659400,90.000000,top
